"fixed.acidity","volatile.acidity","citric.acid","residual.sugar","chlorides","free.sulfur.dioxide","total.sulfur.dioxide","density","pH","sulphates","alcohol","quality","is_red","free_to_total_sulfur_ratio","sulphates_to_chlorides_ratio","acidity_balance","alcohol_density_interaction","outlier_flag_count"
10.4,0.64,0.24,2.8,0.105,29,53,0.9998,3.24,0.67,9.9,"5",1,0.547169800996796,6.38089161055609,9.76,9.89802,3
15.5,0.645,0.49,4.2,0.095,10,23,1.00315,2.92,0.74,11.1,"5",1,0.434782589792061,7.78939169061378,14.855,11.134965,3
9.9,0.54,0.26,2,0.111,7,60,0.99709,2.94,0.98,10.2,"5",1,0.116666664722222,8.82874929054693,9.36,10.170318,5
7.6,0.78,0,1.7,0.076,33,45,0.99612,3.31,0.62,10.7,"6",1,0.733333317037037,8.15778739753424,6.82,10.658484,4
7.3,0.73,0.24,1.9,0.108,18,102,0.9967,3.26,0.59,9.3,"5",1,0.17647058650519,5.46291238044092,6.57,9.26931,3
6.9,0.54,0.04,3,0.077,7,27,0.9987,3.69,0.91,9.4,"6",1,0.259259249657065,11.8180283372943,6.36,9.38778,3
10.2,0.4,0.4,2.5,0.068,41,54,0.99754,3.38,0.86,10.5,"6",1,0.759259245198903,12.6468728401053,9.8,10.47417,5
7.8,0.48,0.68,1.7,0.415,14,32,0.99656,3.09,1.06,9.1,"6",1,0.437499986328125,2.55421071274527,7.32,9.068696,4
10,0.49,0.2,11,0.071,13,50,1.0015,3.16,0.69,9.2,"6",1,0.2599999948,9.7181729834791,9.51,9.2138,3
12.2,0.45,0.49,1.4,0.075,3,6,0.9969,3.13,0.63,10.4,"5",1,0.499999916666681,8.39988800149331,11.75,10.36776,3
7.4,0.58,0,2,0.064,7,11,0.99562,3.45,0.58,11.3,"6",1,0.636363578512402,9.06235840064999,6.82,11.250506,3
10.9,0.39,0.47,1.8,0.118,6,14,0.9982,3.3,0.75,9.8,"6",1,0.428571397959186,6.35587834001407,10.51,9.78236,4
12.5,0.37,0.55,2.6,0.083,25,68,0.9995,3.15,0.82,10.4,"6",1,0.367647053416955,9.87939904338502,12.13,10.3948,3
10,0.32,0.59,2.2,0.077,3,15,0.9994,3.2,0.78,9.6,"5",1,0.199999986666668,10.1297385748237,9.68,9.59424,3
11.5,0.41,0.52,3,0.08,29,55,1.0001,3.26,0.88,11,"5",1,0.527272717685951,10.9998625017187,11.09,11.0011,4
10.3,0.32,0.45,6.4,0.073,5,13,0.9976,3.23,0.82,12.6,"8",1,0.384615355029588,11.2327228394132,9.98,12.56976,3
11.5,0.31,0.51,2.2,0.079,14,28,0.9982,3.03,0.93,9.8,"6",1,0.499999982142858,11.7720028860394,11.19,9.78236,4
12.9,0.35,0.49,5.8,0.066,5,35,1.0014,3.2,0.66,12,"7",1,0.14285713877551,9.99984848714413,12.55,12.0168,3
6.3,0.98,0.01,2,0.057,15,33,0.99488,3.6,0.46,11.2,"6",1,0.45454544077135,8.0700338590551,5.32,11.142656,3
10.2,0.23,0.37,2.2,0.057,14,36,0.99614,3.23,0.49,9.3,"4",1,0.38888887808642,8.59634041508044,9.97,9.264102,3
9.7,0.31,0.47,1.6,0.062,13,33,0.9983,3.27,0.66,10,"6",1,0.393939382001837,10.644989596942,9.39,9.983,3
8.6,0.635,0.68,1.8,0.403,19,56,0.99632,3.02,1.15,9.3,"5",1,0.339285708227041,2.85359093401753,7.965,9.265776,4
7.7,0.41,0.76,1.8,0.611,8,45,0.9968,3.06,1.26,9.4,"5",1,0.177777773827161,2.06218975091694,7.29,9.36992,4
7.6,0.735,0.02,2.5,0.071,10,14,0.99538,3.51,0.71,11.7,"7",1,0.71428566326531,9.99985915691328,6.865,11.645946,4
8.2,0.78,0,2.2,0.089,13,26,0.9978,3.37,0.46,9.6,"4",1,0.499999980769231,5.16848125301963,7.42,9.57888,3
12.1,0.4,0.52,2,0.092,15,54,1,3.03,0.66,10.2,"5",1,0.277777772633745,7.17383506701014,11.7,10.2,3
9.9,0.74,0.19,5.8,0.111,33,76,0.99878,3.14,0.55,9.4,"5",1,0.434210520602493,4.95491031612328,9.16,9.388532,4
8.9,0.635,0.37,1.7,0.263,5,62,0.9971,3,1.09,9.3,"5",1,0.0806451599895942,4.1444709335706,8.265,9.27303,3
12.4,0.35,0.49,2.6,0.079,27,69,0.9994,3.12,0.75,10.4,"6",1,0.39130434215501,9.49355071454792,12.05,10.39376,3
10.4,0.43,0.5,2.3,0.068,13,19,0.996,3.1,0.87,11.4,"6",1,0.684210490304711,12.7939295010367,9.97,11.3544,5
10.3,0.53,0.48,2.5,0.063,6,25,0.9998,3.12,0.59,9.3,"6",1,0.2399999904,9.36493071538547,9.77,9.29814,3
6.6,0.88,0.04,2.2,0.066,12,20,0.99636,3.53,0.56,9.9,"5",1,0.599999970000001,8.48471992848593,5.72,9.863964,3
6.6,0.5,0.01,1.5,0.06,17,26,0.9952,3.4,0.58,9.8,"6",1,0.653846128698226,9.6665055582407,6.1,9.75296,3
11.3,0.34,0.45,2,0.082,6,15,0.9988,2.94,0.66,9.2,"6",1,0.399999973333335,8.04868233314228,10.96,9.18896,3
8.1,0.87,0,2.2,0.084,10,31,0.99656,3.25,0.5,9.8,"5",1,0.322580634755463,5.95231009154653,7.23,9.766288,3
10.8,0.32,0.44,1.6,0.063,16,37,0.9985,3.22,0.78,10,"6",1,0.43243242074507,12.3807558610181,10.48,9.985,3
9.9,0.54,0.45,2.3,0.071,16,40,0.9991,3.39,0.62,9.4,"5",1,0.39999999,8.73227137645949,9.36,9.39154,3
9.7,0.295,0.4,1.5,0.073,14,21,0.99556,3.14,0.51,10.9,"6",1,0.666666634920636,6.9862056684155,9.405,10.851604,4
5,1.02,0.04,1.4,0.045,41,85,0.9938,3.75,0.48,10.5,"4",1,0.48235293550173,10.666429634897,3.98,10.4349,4
11.4,0.625,0.66,6.2,0.088,6,24,0.9988,3.11,0.99,13.3,"6",1,0.249999989583334,11.2498721605436,10.775,13.28404,5
11.3,0.37,0.41,2.3,0.088,6,16,0.9988,3.09,0.8,9.3,"5",1,0.374999976562501,9.09080578629788,10.93,9.28884,3
12,0.38,0.56,2.1,0.093,6,24,0.99925,3.14,0.71,10.9,"6",1,0.249999989583334,7.63432651261814,11.62,10.891825,3
9.8,0.44,0.47,2.5,0.063,9,28,0.9981,3.24,0.65,10.8,"6",1,0.32142855994898,10.3172965508484,9.36,10.77948,3
6.9,0.74,0.03,2.3,0.054,7,16,0.99508,3.45,0.63,11.5,"6",1,0.437499972656252,11.6664506212848,6.16,11.44342,3
10.8,0.26,0.45,3.3,0.06,20,49,0.9972,3.13,0.54,9.6,"5",1,0.40816325697626,8.99985000249996,10.54,9.57312,3
9.9,0.5,0.24,2.3,0.103,6,14,0.9978,3.34,0.52,10,"4",1,0.428571397959186,5.04849467480898,9.4,9.978,3
10.1,0.31,0.35,1.6,0.075,9,28,0.99672,3.24,0.83,11.2,"7",1,0.32142855994898,11.0665191130785,9.79,11.163264,3
6.6,0.61,0.01,1.9,0.08,8,25,0.99746,3.69,0.73,10.5,"5",1,0.3199999872,9.12488593892576,5.99,10.47333,3
11.5,0.18,0.51,4,0.104,4,23,0.9996,3.28,0.97,10.1,"6",1,0.173913035916825,9.32683339583273,11.32,10.09596,4
10.2,0.54,0.37,15.4,0.214,55,95,1.00369,3.18,0.77,9,"6",1,0.57894736232687,3.59811402750454,9.66,9.03321,5
13.2,0.46,0.52,2.2,0.071,12,35,1.0006,3.1,0.56,9,"6",1,0.342857133061225,7.88721285615696,12.74,9.0054,3
10.2,0.36,0.64,2.9,0.122,10,41,0.998,3.23,0.66,12.5,"6",1,0.24390243307555,5.40979172301866,9.84,12.475,5
10,0.69,0.11,1.4,0.084,8,24,0.99578,2.88,0.47,9.7,"5",1,0.333333319444445,5.59517148605374,9.31,9.659066,4
10.5,0.26,0.47,1.9,0.078,6,24,0.9976,3.18,1.04,10.9,"7",1,0.249999989583334,13.3331623953539,10.24,10.87384,4
8.6,0.83,0,2.8,0.095,17,43,0.99822,3.33,0.6,10.4,"6",1,0.395348828015144,6.31572299238955,7.77,10.381488,3
9.9,0.35,0.41,2.3,0.083,11,61,0.9982,3.21,0.5,9.5,"5",1,0.180327865896265,6.02402380694208,9.55,9.4829,3
7,0.57,0.02,2,0.072,17,26,0.99575,3.36,0.61,10.2,"5",1,0.653846128698226,8.47210455410342,6.43,10.15665,3
12.3,0.39,0.63,2.3,0.091,6,18,1.0004,3.16,0.49,9.5,"5",1,0.333333314814816,5.38455621366798,11.91,9.5038,4
5.1,0.585,0,1.7,0.044,14,86,0.99264,3.56,0.94,12.9,"7",1,0.162790695781504,21.363150837481,4.515,12.805056,4
6.3,0.68,0.01,3.7,0.103,32,54,0.99586,3.51,0.66,11.3,"6",1,0.592592581618656,6.40770477956525,5.62,11.253218,4
6,0.5,0,1.4,0.057,15,26,0.99448,3.36,0.45,9.5,"5",1,0.576923054733729,7.89459834037999,5.5,9.44756,3
10,0.48,0.24,2.7,0.102,13,32,1,3.28,0.56,10,"6",1,0.406249987304688,5.49014225350732,9.52,10,3
10,0.56,0.24,2.2,0.079,19,58,0.9991,3.18,0.56,10.1,"6",1,0.327586201248514,7.08851786686245,9.44,10.09091,3
7,0.745,0.12,1.8,0.114,15,64,0.99588,3.22,0.59,9.5,"6",1,0.234374996337891,5.17539319830528,6.255,9.46086,3
10.4,0.33,0.63,2.8,0.084,5,22,0.9998,3.26,0.74,11.2,"7",1,0.227272716942149,8.80941893548886,10.07,11.19776,4
10.6,0.28,0.39,15.5,0.069,6,23,1.0026,3.12,0.66,9.2,"5",1,0.260869553875237,9.56507876697439,10.32,9.22392,3
10.6,0.5,0.45,2.6,0.119,34,68,0.99708,3.23,0.72,10.9,"6",1,0.499999992647059,6.05036932462752,10.1,10.868172,4
6.6,0.5,0,1.8,0.062,21,28,0.99352,3.44,0.55,12.3,"6",1,0.749999973214287,8.87082466411832,6.1,12.220296,3
7.9,0.3,0.68,8.3,0.05,37.5,289,0.99316,3.01,0.51,12.3,"7",1,0.129757785018139,10.1997960040799,7.6,12.215868,3
11.2,0.4,0.5,2,0.099,19,50,0.99783,3.1,0.58,10.4,"5",1,0.3799999924,5.85852668154867,10.8,10.377432,3
6.6,0.815,0.02,2.7,0.072,17,34,0.9955,3.58,0.89,12.3,"7",1,0.499999985294118,12.3609394313968,5.785,12.24465,4
11.1,0.31,0.53,2.2,0.06,3,10,0.99572,3.02,0.83,10.9,"7",1,0.299999970000003,13.8331027816203,10.79,10.853348,3
8.7,0.69,0,3.2,0.084,13,33,0.9992,3.36,0.45,9.4,"5",1,0.393939382001837,5.35707908239188,8.01,9.39248,3
6.6,0.695,0,2.1,0.075,12,56,0.9968,3.49,0.67,9.2,"5",1,0.214285710459184,8.93321422381035,5.905,9.17056,3
13.2,0.38,0.55,2.7,0.081,5,16,1.0006,2.98,0.54,9.4,"5",1,0.312499980468751,6.66658436315601,12.82,9.40564,3
10.2,0.54,0.37,15.4,0.214,55,95,1.00369,3.18,0.77,9,"6",1,0.57894736232687,3.59811402750454,9.66,9.03321,5
11.6,0.42,0.53,3.3,0.105,33,98,1.001,3.2,0.95,9.2,"5",1,0.336734690441483,9.04753288063923,11.18,9.2092,4
10,0.29,0.4,2.9,0.098,10,26,1.0006,3.48,0.91,9.7,"5",1,0.384615369822486,9.28561953449455,9.71,9.70582,4
10.2,0.29,0.65,2.4,0.075,6,17,0.99565,3.22,0.63,11.8,"6",1,0.352941155709344,8.39988800149331,9.91,11.74867,4
7.7,0.715,0.01,2.1,0.064,31,43,0.99371,3.41,0.57,11.8,"6",1,0.720930215792321,8.90611084201809,6.985,11.725778,4
7.6,0.95,0.03,2,0.09,7,20,0.9959,3.2,0.56,9.6,"5",1,0.349999982500001,6.22215308718792,6.65,9.56064,3
11.1,0.44,0.42,2.2,0.064,14,19,0.99758,3.25,0.57,10.4,"6",1,0.736842066481996,8.90611084201809,10.66,10.374832,4
10.4,0.34,0.58,3.7,0.174,6,16,0.997,3.19,0.7,11.3,"6",1,0.374999976562501,4.02296538525641,10.06,11.2661,4
10,0.73,0.43,2.3,0.059,15,31,0.9966,3.15,0.57,11,"5",1,0.483870952133195,9.66085320587787,9.27,10.9626,4
12.9,0.5,0.55,2.8,0.072,7,24,1.00012,3.09,0.68,10.9,"6",1,0.291666654513889,9.44431327342676,12.4,10.901308,3
12.5,0.6,0.49,4.3,0.1,5,14,1.001,3.25,0.74,11.9,"6",1,0.357142831632655,7.39992600073999,11.9,11.9119,3
13,0.32,0.65,2.6,0.093,15,47,0.9996,3.05,0.61,10.6,"5",1,0.31914892937981,6.55906925731981,12.68,10.59576,4
10.2,0.44,0.88,6.2,0.049,20,124,0.9968,2.99,0.51,9.9,"4",0,0.161290321279917,10.4079508581458,9.76,9.86832,3
9.2,0.755,0.18,2.2,0.148,10,103,0.9969,2.87,1.36,10.2,"6",1,0.0970873776981808,9.18912710049256,8.445,10.16838,4
7.9,0.3,0.68,8.3,0.05,37.5,278,0.99316,3.01,0.51,12.3,"7",1,0.134892085845712,10.1997960040799,7.6,12.215868,3
7.5,0.64,0,2.4,0.077,18,29,0.9965,3.32,0.6,10,"6",1,0.620689633769323,7.79210659601823,6.86,9.965,3
11.9,0.38,0.51,2,0.121,7,20,0.9996,3.24,0.76,10.4,"6",1,0.349999982500001,6.28093982694358,11.52,10.39584,4
6.7,0.67,0.02,1.9,0.061,26,42,0.99489,3.39,0.82,10.9,"6",1,0.61904760430839,13.4424025835642,6.03,10.844301,3
6.9,0.63,0.33,6.7,0.235,66,115,0.99787,3.22,0.56,9.5,"5",1,0.573913038487713,2.38296858311241,6.27,9.479765,3
7.1,0.75,0.01,2.2,0.059,11,18,0.99242,3.39,0.4,12.8,"6",1,0.611111077160496,6.77954610938798,6.35,12.702976,4
10.2,0.67,0.39,1.9,0.054,6,17,0.9976,3.17,0.47,10,"5",1,0.352941155709344,8.70354252699024,9.53,9.976,3
11.2,0.66,0.24,2.5,0.085,16,53,0.9993,3.06,0.72,11,"6",1,0.301886786756853,8.47048858248726,10.54,10.9923,3
9.2,0.52,1,3.4,0.61,32,69,0.9996,2.74,2,9.4,"4",1,0.463768109220752,3.27868314969975,8.68,9.39624,5
9.9,0.63,0.24,2.4,0.077,6,33,0.9974,3.09,0.57,9.4,"5",1,0.18181817630854,7.40250126621732,9.27,9.37556,3
6.5,0.46,0.14,2.4,0.114,9,37,0.99732,3.66,0.65,9.8,"5",1,0.243243236669102,5.70170437101429,6.04,9.773736,3
11.5,0.42,0.48,2.6,0.077,8,20,0.99852,3.09,0.53,11,"5",1,0.399999980000001,6.88302749314944,11.08,10.98372,3
7.5,0.58,0.56,3.1,0.153,5,14,0.99476,3.21,1.03,11.6,"6",1,0.357142831632655,6.73198214390756,6.92,11.539216,3
11.6,0.475,0.4,1.4,0.091,6,28,0.99704,3.07,0.65,10.0333333333333,"6",1,0.214285706632653,7.14277865078406,11.125,10.0036346666666,3
10.5,0.42,0.66,2.95,0.116,12,29,0.997,3.24,0.75,11.7,"7",1,0.413793089179549,6.4654615046422,10.08,11.6649,5
7.4,0.7,0,1.9,0.076,11,34,0.9978,3.51,0.56,9.4,"5",1,0.323529402249135,7.36832410099867,6.7,9.37932,3
6.7,0.855,0.02,1.9,0.064,29,38,0.99472,3.3,0.56,10.75,"6",1,0.76315787465374,8.7498632833862,5.845,10.69324,4
10.4,0.41,0.55,3.2,0.076,22,54,0.9996,3.15,0.89,9.9,"6",1,0.407407399862826,11.7103722319443,9.99,9.89604,4
10,0.42,0.5,3.4,0.107,7,21,0.9979,3.26,0.93,11.8,"6",1,0.333333317460318,8.69150755600415,9.58,11.77522,5
7,0.685,0,1.9,0.067,40,63,0.9979,3.6,0.81,9.9,"5",1,0.63492062484253,12.0893718004209,6.315,9.87921,4
11.5,0.3,0.6,2,0.067,12,27,0.9981,3.11,0.97,10.1,"6",1,0.44444442798354,14.4773958597633,11.2,10.08081,4
11.5,0.59,0.59,2.6,0.087,13,49,0.9988,3.18,0.65,11,"6",1,0.265306117034569,7.47117849220124,10.91,10.9868,3
7.2,0.695,0.13,2,0.076,12,20,0.99546,3.29,0.54,10.1,"5",1,0.599999970000001,7.10516966882015,6.505,10.054146,3
6.9,0.54,0.04,3,0.077,7,27,0.9987,3.69,0.91,9.4,"6",1,0.259259249657065,11.8180283372943,6.36,9.38778,3
8.8,0.685,0.26,1.6,0.088,16,23,0.99694,3.32,0.47,9.4,"5",1,0.695652143667298,5.34084839945001,8.115,9.371236,3
7,0.69,0.07,2.5,0.091,15,21,0.99572,3.38,0.6,11.3,"6",1,0.71428568027211,6.59333413918528,6.31,11.251636,3
10,0.23,0.27,14.1,0.033,45,166,0.9988,2.72,0.43,9.7,"6",0,0.271084335716359,13.0299081846005,9.77,9.68836,3
10.2,0.49,0.63,2.9,0.072,10,26,0.9968,3.16,0.78,12.5,"7",1,0.384615369822486,10.8331828724601,9.71,12.46,4
10.7,0.43,0.39,2.2,0.106,8,32,0.9986,2.89,0.5,9.6,"5",1,0.2499999921875,4.71693663267328,10.27,9.58656,4
6.4,0.79,0.04,2.2,0.061,11,17,0.99588,3.53,0.65,10.4,"6",1,0.64705878546713,10.655563023557,5.61,10.357152,3
4.2,0.17,0.36,1.8,0.029,93,161,0.98999,3.65,0.89,12,"7",0,0.57763974796497,30.6885969449329,4.03,11.87988,7
9.1,0.795,0,2.6,0.096,11,26,0.9994,3.35,0.83,9.4,"6",1,0.423076906804734,8.64574327350757,8.305,9.39436,3
10.3,0.5,0.42,2,0.069,21,51,0.9982,3.16,0.72,11.5,"6",1,0.411764697808535,10.4346313821539,9.8,11.4793,3
7.5,0.755,0,1.9,0.084,6,12,0.99672,3.34,0.49,9.7,"4",1,0.499999958333337,5.8332638897156,6.745,9.668184,3
11.9,0.37,0.69,2.3,0.078,12,24,0.9958,3,0.65,12.8,"6",1,0.499999979166667,8.33322649709619,11.53,12.74624,4
6.6,0.84,0.03,2.3,0.059,32,48,0.9952,3.52,0.56,12.3,"7",1,0.666666652777778,9.49136455314317,5.76,12.24096,4
5.7,0.6,0,1.4,0.063,11,18,0.99191,3.45,0.56,12.2,"6",1,0.611111077160496,8.888747797654,5.1,12.101302,3
9.7,0.32,0.54,2.5,0.094,28,83,0.9984,3.28,0.82,9.6,"5",1,0.337349393525911,8.72331145413347,9.38,9.58464,3
8.3,0.76,0.29,4.2,0.075,12,16,0.9965,3.45,0.68,11.5,"6",1,0.749999953125003,9.06654577938961,7.54,11.45975,3
10.8,0.45,0.33,2.5,0.099,20,38,0.99818,3.24,0.71,10.8,"5",1,0.526315775623269,7.1716447308613,10.35,10.780344,3
10.6,0.36,0.57,2.3,0.087,6,20,0.99676,3.14,0.72,11.1,"7",1,0.299999985000001,8.27576694520753,10.24,11.064036,3
6.4,0.36,0.53,2.2,0.23,19,35,0.9934,3.37,0.93,12.4,"6",1,0.542857127346939,4.04346068060574,6.04,12.31816,3
10,0.46,0.44,2.9,0.065,4,8,0.99674,3.33,0.62,12.2,"6",1,0.499999937500008,9.538314795157,9.54,12.160228,3
8.7,0.78,0.51,1.7,0.415,12,66,0.99623,3,1.17,9.2,"5",1,0.181818179063361,2.81927031501129,7.92,9.165316,4
10.9,0.32,0.52,1.8,0.132,17,44,0.99734,3.28,0.77,11.5,"6",1,0.386363627582645,5.83328914174893,10.58,11.46941,4
10.4,0.44,0.73,6.55,0.074,38,76,0.999,3.17,0.85,12,"7",1,0.499999993421053,11.4863312657937,9.96,11.988,4
10.3,0.44,0.5,4.5,0.107,5,13,0.998,3.28,0.83,11.5,"5",1,0.384615355029588,7.75693685105747,9.86,11.477,4
9.9,0.72,0.55,1.7,0.136,24,52,0.99752,3.35,0.94,10,"5",1,0.461538452662722,6.91171388445673,9.18,9.9752,6
10.2,0.44,0.42,2,0.071,7,20,0.99566,3.14,0.79,11.1,"7",1,0.349999982500001,11.12660385065,9.76,11.051826,3
13.5,0.53,0.79,4.8,0.12,23,77,1.0018,3.18,0.77,13,"5",1,0.298701294822061,6.41661319489004,12.97,13.0234,5
10.4,0.52,0.45,2,0.08,6,13,0.99774,3.22,0.76,11.4,"6",1,0.461538426035506,9.49988125148436,9.88,11.374236,3
9.8,0.51,0.19,3.2,0.081,8,30,0.9984,3.23,0.58,10.5,"6",1,0.266666657777778,7.16040542709349,9.29,10.4832,3
8.9,0.61,0.49,2,0.27,23,110,0.9972,3.12,1.02,9.3,"5",1,0.209090907190083,3.77776378606005,8.29,9.27396,3
7.2,0.73,0.02,2.5,0.076,16,42,0.9972,3.44,0.52,9.3,"5",1,0.380952371882086,6.84201523664162,6.47,9.27396,3
6.3,0.47,0,1.4,0.055,27,33,0.9922,3.45,0.48,12.3,"6",1,0.81818179338843,8.72711405247177,5.83,12.20406,3
11.7,0.28,0.47,1.7,0.054,17,32,0.99686,3.15,0.67,10.6,"7",1,0.531249983398438,12.4071776448584,11.42,10.566716,3
9.7,0.69,0.32,2.5,0.088,22,91,0.9979,3.29,0.62,10.1,"5",1,0.241758239101558,7.04537448438086,9.01,10.07879,3
8.4,0.62,0.12,1.8,0.072,38,46,0.99504,3.38,0.89,11.8,"6",1,0.826086938563327,12.3609394313968,7.78,11.741472,3
7,0.69,0.07,2.5,0.091,15,21,0.99572,3.38,0.6,11.3,"6",1,0.71428568027211,6.59333413918528,6.31,11.251636,3
8.7,0.7,0.24,2.5,0.226,5,15,0.9991,3.32,0.6,9,"6",1,0.333333311111113,2.6548555094889,8,8.9919,3
8.6,0.49,0.28,1.9,0.11,20,136,0.9972,2.93,1.95,9.9,"6",1,0.147058822448097,17.727111571713,8.11,9.87228,3
6.6,0.66,0,3,0.115,21,31,0.99629,3.45,0.63,10.3,"5",1,0.677419332986473,5.47821323292841,5.94,10.261787,4
11.3,0.62,0.67,5.2,0.086,6,19,0.9988,3.22,0.69,13.4,"8",1,0.315789457063713,8.02316252136603,10.68,13.38392,4
6,0.5,0,1.4,0.057,15,26,0.99448,3.36,0.45,9.5,"5",1,0.576923054733729,7.89459834037999,5.5,9.44756,3
11.6,0.58,0.66,2.2,0.074,10,47,1.0008,3.25,0.57,9,"3",1,0.212765952919873,7.70259861353225,11.02,9.0072,4
5.6,0.66,0,2.2,0.087,3,11,0.99378,3.71,0.63,12.8,"7",1,0.272727247933887,7.24129607705659,4.94,12.720384,3
5.8,0.68,0.02,1.8,0.087,21,94,0.9944,3.54,0.52,10,"5",1,0.223404252942508,5.97694279376099,5.12,9.944,3
10.8,0.5,0.46,2.5,0.073,5,27,1.0001,3.05,0.64,9.5,"5",1,0.185185178326475,8.7670031917371,10.3,9.50095,3
11.3,0.37,0.5,1.8,0.09,20,47,0.99734,3.15,0.57,10.5,"5",1,0.425531905839747,6.33326296374485,10.93,10.47207,3
6.8,0.69,0,5.6,0.124,21,58,0.9997,3.46,0.72,10.2,"5",1,0.362068959274673,5.80640478705817,6.11,10.19694,4
11.6,0.475,0.4,1.4,0.091,6,28,0.99704,3.07,0.65,10.0333333333333,"6",1,0.214285706632653,7.14277865078406,11.125,10.0036346666666,3
10,0.58,0.22,1.9,0.08,9,32,0.9974,3.13,0.55,9.5,"5",1,0.281249991210938,6.87491406357421,9.42,9.4753,3
7,0.69,0,1.9,0.114,3,10,0.99636,3.35,0.6,9.7,"6",1,0.299999970000003,5.26311172709011,6.31,9.664692,4
6.4,0.885,0,2.3,0.166,6,12,0.99551,3.56,0.51,10.8,"5",1,0.499999958333337,3.07227064897199,5.515,10.751508,4
7.7,0.58,0.01,1.8,0.088,12,18,0.99568,3.32,0.56,10.5,"7",1,0.666666629629632,6.36356405040852,7.12,10.45464,3
12.8,0.615,0.66,5.8,0.083,7,42,1.0022,3.07,0.73,10,"7",1,0.166666662698413,8.79507475813544,12.185,10.022,4
6.4,0.57,0.12,2.3,0.12,25,36,0.99519,3.47,0.71,11.3,"7",1,0.694444425154322,5.91661736152199,5.83,11.245647,3
6.7,0.76,0.02,1.8,0.078,6,12,0.996,3.55,0.63,9.95,"3",1,0.499999958333337,8.07681952795477,5.94,9.9102,3
10.7,0.67,0.22,2.7,0.107,17,34,1.0004,3.28,0.98,9.9,"6",1,0.499999985294118,9.15879290847749,10.03,9.90396,5
7.4,0.7,0,1.9,0.076,11,34,0.9978,3.51,0.56,9.4,"5",1,0.323529402249135,7.36832410099867,6.7,9.37932,3
6.4,0.795,0,2.2,0.065,28,52,0.99378,3.49,0.52,11.6,"5",1,0.538461528106509,7.99987692497039,5.605,11.527848,3
10.3,0.27,0.56,1.4,0.047,3,8,0.99471,3.16,0.51,11.8,"6",1,0.374999953125006,10.8508329610008,10.03,11.737578,3
7.8,0.88,0,2.6,0.098,25,67,0.9968,3.2,0.68,9.8,"5",1,0.37313432278904,6.93870470709483,6.92,9.76864,3
10.3,0.34,0.52,2.8,0.159,15,75,0.9998,3.18,0.64,9.4,"5",1,0.199999997333333,4.02513191740932,9.96,9.39812,4
12.5,0.28,0.54,2.3,0.082,12,29,0.9997,3.11,1.36,9.8,"7",1,0.413793089179549,16.5851635955659,12.22,9.79706,4
7,0.805,0,2.5,0.068,7,20,0.9969,3.48,0.56,9.6,"5",1,0.349999982500001,8.23517301216159,6.195,9.57024,3
6.9,0.765,0.18,2.4,0.243,5.5,48,0.99612,3.4,0.6,10.3,"6",1,0.114583330946181,2.46912564145827,6.135,10.260036,3
15.6,0.645,0.49,4.2,0.095,10,23,1.00315,2.92,0.74,11.1,"5",1,0.434782589792061,7.78939169061378,14.955,11.134965,3
7.1,0.755,0.15,1.8,0.107,20,84,0.99593,3.19,0.5,9.5,"5",1,0.238095235260771,4.67285352473341,6.345,9.461335,3
8.1,0.87,0,3.3,0.096,26,61,1.00025,3.6,0.72,9.8,"4",1,0.426229501209352,7.49992187581379,7.23,9.80245,3
10.6,1.025,0.43,2.8,0.08,21,84,0.9985,3.06,0.57,10.1,"5",1,0.24999999702381,7.12491093861327,9.575,10.08485,4
11.9,0.4,0.65,2.15,0.068,7,27,0.9988,3.06,0.68,11.3,"6",1,0.259259249657065,9.99985294333907,11.5,11.28644,4
7.9,0.4,0.29,1.8,0.157,1,44,0.9973,3.3,0.92,9.5,"6",1,0.0227272722107438,5.85983528767333,7.5,9.47435,3
6.3,0.76,0,2.9,0.072,26,52,0.99379,3.51,0.6,11.5,"6",1,0.499999990384616,8.33321759420008,5.54,11.428585,3
7.9,0.32,0.51,1.8,0.341,17,56,0.9969,3.04,1.08,9.2,"6",1,0.30357142315051,3.16714613740136,7.58,9.17148,3
12.3,0.5,0.49,2.2,0.089,5,14,1.0002,3.19,0.44,9.6,"5",1,0.357142831632655,4.94376467680138,11.8,9.60192,3
7.5,0.23,0.35,17.8,0.058,128,212,1.00241,3.44,0.43,8.9,"5",0,0.603773582057672,7.41366528163308,7.27,8.921449,3
10.8,0.89,0.3,2.6,0.132,7,60,0.99786,2.99,1.18,10.2,"5",1,0.116666664722222,8.93932621722563,9.91,10.178172,6
10,0.56,0.24,2.2,0.079,19,58,0.9991,3.18,0.56,10.1,"6",1,0.327586201248514,7.08851786686245,9.44,10.09091,3
7.8,0.43,0.7,1.9,0.464,22,67,0.9974,3.13,1.28,9.4,"5",1,0.328358204054355,2.75861474436478,7.37,9.37556,4
11.1,0.31,0.49,2.7,0.094,16,47,0.9986,3.12,1.02,10.6,"7",1,0.340425524671797,10.850948394166,10.79,10.58516,4
10,0.32,0.59,2.2,0.077,3,15,0.9994,3.2,0.78,9.6,"5",1,0.199999986666668,10.1297385748237,9.68,9.59424,3
4.7,0.6,0.17,2.3,0.058,17,106,0.9932,3.85,0.6,12.9,"6",1,0.160377356977572,10.3446492301857,4.1,12.81228,3
7,0.685,0,1.9,0.099,9,22,0.99606,3.34,0.6,9.7,"5",1,0.409090890495869,6.06054484298138,6.315,9.661782,3
7.7,0.835,0,2.6,0.081,6,14,0.9975,3.3,0.52,9.3,"5",1,0.428571397959186,6.41967383118727,6.865,9.27675,3
9,0.69,0,2.4,0.088,19,38,0.999,3.35,0.6,9.3,"5",1,0.499999986842106,6.81810433972341,8.31,9.2907,3
9.9,0.35,0.55,2.1,0.062,5,14,0.9971,3.26,0.79,10.6,"5",1,0.357142831632655,12.7417299720972,9.55,10.56926,3
10.8,0.4,0.41,2.2,0.084,7,17,0.9984,3.08,0.67,9.3,"6",1,0.411764681660901,7.97609552267235,10.4,9.28512,3
8.1,0.56,0.28,1.7,0.368,16,56,0.9968,3.11,1.28,9.3,"5",1,0.285714280612245,3.47825141779506,7.54,9.27024,3
10.6,1.02,0.43,2.9,0.076,26,88,0.9984,3.08,0.57,10.1,"6",1,0.295454542097107,7.49990131708793,9.58,10.08384,4
9.9,0.35,0.38,1.5,0.058,31,47,0.99676,3.26,0.82,10.6,"7",1,0.659574454051607,14.1376872812538,9.55,10.565656,4
10.8,0.47,0.43,2.1,0.171,27,66,0.9982,3.17,0.76,10.8,"6",1,0.409090902892562,4.44441845369325,10.33,10.78056,4
7.8,0.41,0.68,1.7,0.467,18,69,0.9973,3.08,1.31,9.3,"5",1,0.260869561436673,2.80513317958634,7.39,9.27489,4
5.2,0.34,0,1.8,0.05,27,63,0.9916,3.68,0.79,14,"6",1,0.428571421768708,15.7996840063199,4.86,13.8824,3
9.9,0.25,0.46,1.7,0.062,26,42,0.9959,3.18,0.83,10.6,"6",1,0.61904760430839,13.3868808567604,9.65,10.55654,4
7.7,0.715,0.01,2.1,0.064,31,43,0.99371,3.41,0.57,11.8,"6",1,0.720930215792321,8.90611084201809,6.985,11.725778,4
12,0.45,0.55,2,0.073,25,49,0.9997,3.1,0.76,10.3,"6",1,0.510204071220325,10.4108162901878,11.55,10.29691,3
9.9,0.49,0.23,2.4,0.087,19,115,0.9948,2.77,0.44,9.4,"6",0,0.165217389867675,5.05741313318238,9.41,9.35112,3
13.7,0.415,0.68,2.9,0.085,17,43,1.0014,3.06,0.8,10,"6",1,0.395348828015144,9.41165398054141,13.285,10.014,4
4.7,0.785,0,3.4,0.036,23,134,0.98981,3.53,0.92,13.8,"6",0,0.171641789763867,25.5548456987306,3.915,13.659378,5
7.4,0.965,0,2.2,0.088,16,32,0.99756,3.58,0.67,10.2,"5",1,0.499999984375001,7.61354984602448,6.435,10.175112,3
5.2,0.645,0,2.15,0.08,15,28,0.99444,3.78,0.61,12.5,"6",1,0.535714266581633,7.62490468869139,4.555,12.4305,3
12.2,0.34,0.5,2.4,0.066,10,21,1,3.12,1.18,9.2,"6",1,0.47619045351474,17.8785169921668,11.86,9.2,4
11.5,0.18,0.51,4,0.104,4,23,0.9996,3.28,0.97,10.1,"6",1,0.173913035916825,9.32683339583273,11.32,10.09596,4
12,0.39,0.66,3,0.093,12,30,0.9996,3.18,0.63,10.8,"7",1,0.399999986666667,6.77412070837948,11.61,10.79568,4
7.2,0.655,0.03,1.8,0.078,7,12,0.99587,3.34,0.39,9.5,"5",1,0.583333284722226,4.99993589825772,6.545,9.460765,3
8.7,0.82,0.02,1.2,0.07,36,48,0.9952,3.2,0.58,9.8,"5",1,0.749999984375,8.28559592005828,7.88,9.75296,4
9.8,0.25,0.74,10,0.056,36,225,0.9977,3.06,0.43,10,"4",0,0.159999999288889,7.67843431367297,9.55,9.977,3
10.4,0.61,0.49,2.1,0.2,5,16,0.9994,3.16,0.63,8.4,"3",1,0.312499980468751,3.14998425007875,9.79,8.39496,4
11.4,0.26,0.44,3.6,0.071,6,19,0.9986,3.12,0.82,9.3,"6",1,0.315789457063713,11.5491331108013,11.14,9.28698,3
10,0.43,0.33,2.7,0.095,28,89,0.9984,3.22,0.68,10,"5",1,0.314606738038127,7.15781939137483,9.57,9.984,3
11.6,0.47,0.44,1.6,0.147,36,51,0.99836,3.38,0.86,9.9,"4",1,0.705882339100346,5.85030033809294,11.13,9.883764,6
7.3,1.07,0.09,1.7,0.178,10,89,0.9962,3.3,0.57,9,"5",1,0.112359549299331,3.20222920095954,6.23,8.9658,3
11.1,0.18,0.48,1.5,0.068,7,15,0.9973,3.22,0.64,10.1,"6",1,0.466666635555558,9.41162629961324,10.92,10.07273,3
12.3,0.5,0.49,2.2,0.089,5,14,1.0002,3.19,0.44,9.6,"5",1,0.357142831632655,4.94376467680138,11.8,9.60192,3
6.9,0.56,0.03,1.5,0.086,36,46,0.99522,3.53,0.57,10.6,"5",1,0.782608678638942,6.62782990895455,6.34,10.549332,3
6.9,0.58,0.01,1.9,0.08,40,54,0.99683,3.4,0.73,9.7,"5",1,0.74074072702332,9.12488593892576,6.32,9.669251,3
9.9,0.59,0.07,3.4,0.102,32,71,1.00015,3.31,0.71,9.8,"5",1,0.450704219004166,6.96071607141106,9.31,9.80147,3
7.7,0.915,0.12,2.2,0.143,7,23,0.9964,3.35,0.65,10.2,"7",1,0.304347812854443,4.5454227592814,6.785,10.16328,3
10.5,0.59,0.49,2.1,0.07,14,47,0.9991,3.3,0.56,9.6,"4",1,0.297872334087823,7.99988571591834,9.91,9.59136,3
10.8,0.45,0.33,2.5,0.099,20,38,0.99818,3.24,0.71,10.8,"5",1,0.526315775623269,7.1716447308613,10.35,10.780344,3
11.6,0.32,0.55,2.8,0.081,35,67,1.0002,3.32,0.92,10.8,"7",1,0.522388051904656,11.3578844705621,11.28,10.80216,4
11.6,0.41,0.54,1.5,0.095,22,41,0.99735,3.02,0.76,9.9,"7",1,0.536585352766211,7.9999157903601,11.19,9.873765,3
8.3,1.02,0.02,3.4,0.084,6,11,0.99892,3.48,0.49,11,"3",1,0.545454495867773,5.8332638897156,7.28,10.98812,3
12,0.5,0.59,1.4,0.073,23,42,0.998,2.92,0.68,10.5,"7",1,0.547619034580499,9.31494089122067,11.5,10.479,3
5.4,0.74,0,1.2,0.041,16,46,0.99258,4.01,0.59,12.5,"6",1,0.347826079395085,14.3898929294407,4.66,12.40725,4
10,0.31,0.47,2.6,0.085,14,33,0.99965,3.36,0.8,10.5,"7",1,0.424242411386594,9.41165398054141,9.69,10.496325,3
9.1,0.785,0,2.6,0.093,11,28,0.9994,3.36,0.86,9.4,"6",1,0.392857128826531,9.24721239556564,8.315,9.39436,4
6.4,0.865,0.03,3.2,0.071,27,58,0.995,3.61,0.49,12.7,"6",1,0.465517233353151,6.90131124913734,5.535,12.6365,3
8.4,0.62,0.12,1.8,0.072,38,46,0.99504,3.38,0.89,11.8,"6",1,0.826086938563327,12.3609394313968,7.78,11.741472,3
5.6,0.915,0,2.1,0.041,17,78,0.99346,3.68,0.73,11.4,"5",1,0.217948715154504,17.8044437940538,4.685,11.325444,4
12.8,0.3,0.74,2.6,0.095,9,28,0.9994,3.2,0.77,10.8,"7",1,0.32142855994898,8.10517784023326,12.5,10.79352,4
11.9,0.39,0.69,2.8,0.095,17,35,0.9994,3.1,0.61,10.8,"6",1,0.485714271836735,6.42098504226271,11.51,10.79352,4
11,0.2,0.48,2,0.343,6,18,0.9979,3.3,0.71,10.5,"5",1,0.333333314814816,2.06996481059822,10.8,10.47795,4
7.1,0.68,0,2.3,0.087,17,26,0.99783,3.45,0.53,9.5,"5",1,0.653846128698226,6.09188400133332,6.42,9.479385,4
7.6,0.74,0,1.9,0.1,6,12,0.99521,3.36,0.59,11,"5",1,0.499999958333337,5.89994100058999,6.86,10.94731,3
7.3,0.695,0,2.5,0.075,3,13,0.998,3.49,0.52,9.2,"5",1,0.230769213017753,6.93324089012147,6.605,9.1816,3
7.2,0.23,0.82,1.3,0.149,70,109,0.99304,2.93,0.42,9.2,"6",0,0.642201828970625,2.81877302836894,6.97,9.135968,3
10.1,0.31,0.44,2.3,0.08,22,46,0.9988,3.32,0.67,9.7,"6",1,0.478260859168242,8.37489531380858,9.79,9.68836,3
3.8,0.31,0.02,11.1,0.036,20,114,0.99248,3.75,0.44,12.4,"6",0,0.175438594952293,12.2218827254798,3.49,12.306752,4
7.8,0.87,0.26,3.8,0.107,31,67,0.99668,3.26,0.46,9.2,"5",1,0.46268656025841,4.29902524275474,6.93,9.169456,3
10.1,0.45,0.23,1.9,0.082,10,18,0.99774,3.22,0.65,9.3,"6",1,0.55555552469136,7.92673260082194,9.65,9.278982,3
12.3,0.39,0.63,2.3,0.091,6,18,1.0004,3.16,0.49,9.5,"5",1,0.333333314814816,5.38455621366798,11.91,9.5038,4
7.6,0.68,0.02,1.3,0.072,9,20,0.9965,3.17,1.08,9.2,"4",1,0.449999977500001,14.9997916695601,6.92,9.1678,4
7.2,0.695,0.13,2,0.076,12,20,0.99546,3.29,0.54,10.1,"5",1,0.599999970000001,7.10516966882015,6.505,10.054146,3
8,0.745,0.56,2,0.118,30,134,0.9968,3.24,0.66,9.4,"5",1,0.223880595344175,5.59317293921238,7.255,9.36992,3
10.2,0.29,0.49,2.6,0.059,5,13,0.9976,3.05,0.74,10.5,"7",1,0.384615355029588,12.5421603023678,9.91,10.4748,3
7.1,0.68,0,2.2,0.073,12,22,0.9969,3.48,0.5,9.3,"5",1,0.545454520661158,6.84922124354461,6.42,9.27117,3
7.6,0.63,0.03,2,0.08,27,43,0.99578,3.44,0.64,10.9,"6",1,0.627906962141699,7.99990000124998,6.97,10.854002,3
8.1,0.73,0,2.5,0.081,12,24,0.99798,3.38,0.46,9.6,"4",1,0.499999979166667,5.67894223528105,7.37,9.580608,3
9.8,0.3,0.39,1.7,0.062,3,9,0.9948,3.14,0.57,11.5,"7",1,0.3333332962963,9.1934001064499,9.5,11.4402,3
7.1,0.715,0,2.35,0.071,21,47,0.99632,3.29,0.45,9.4,"5",1,0.446808501131734,6.33793890226898,6.385,9.365408,3
10.4,0.26,0.48,1.9,0.066,6,10,0.99724,3.33,0.87,10.9,"6",1,0.599999940000006,13.1816184603264,10.14,10.869916,5
10,0.44,0.49,2.7,0.077,11,19,0.9963,3.23,0.63,11.6,"7",1,0.57894733795014,8.18171192581915,9.56,11.55708,4
9.8,1.24,0.34,2,0.079,32,151,0.998,3.15,0.53,9.5,"5",1,0.211920528397877,6.70877583828053,8.56,9.481,3
12,0.63,0.5,1.4,0.071,6,26,0.99791,3.07,0.6,10.4,"4",1,0.230769221893491,8.45058520302531,11.37,10.378264,3
11.4,0.36,0.69,2.1,0.09,6,21,1,3.17,0.62,9.2,"6",1,0.285714272108844,6.88881234652948,11.04,9.2,4
6.7,1.04,0.08,2.3,0.067,19,32,0.99648,3.52,0.57,11,"4",1,0.593749981445313,8.50733571140729,5.66,10.96128,3
7.8,0.965,0.6,65.8,0.074,8,160,1.03898,3.39,0.69,11.7,"6",0,0.0499999996875,9.3241983216443,6.835,12.156066,3
7.2,0.65,0.02,2.3,0.094,5,31,0.9993,3.67,0.8,9.7,"5",1,0.161290317377732,8.51054776013021,6.55,9.69321,3
10.5,0.36,0.47,2.2,0.074,9,23,0.99638,3.23,0.76,12,"6",1,0.391304330812855,10.2701314847097,10.14,11.95656,3
7.4,0.53,0.12,1.9,0.165,4,12,0.99702,3.26,0.86,9.2,"5",1,0.333333305555558,5.21208962369925,6.87,9.172584,3
8,0.71,0,2.6,0.08,11,34,0.9976,3.44,0.53,9.5,"5",1,0.323529402249135,6.62491718853514,7.29,9.4772,3
7.6,1.58,0,2.1,0.137,5,9,0.99476,3.5,0.4,10.9,"3",1,0.555555493827167,2.9196867176152,6.02,10.842884,4
12.2,0.45,0.49,1.4,0.075,3,6,0.9969,3.13,0.63,10.4,"5",1,0.499999916666681,8.39988800149331,11.75,10.36776,3
6.6,0.63,0,4.3,0.093,51,77.5,0.99558,3.2,0.45,9.5,"5",1,0.658064507637877,4.83865764884249,5.97,9.45801,3
6.5,0.9,0,1.6,0.052,9,17,0.99467,3.5,0.63,10.9,"6",1,0.529411733564016,12.1151516316994,5.6,10.841903,3
6.9,0.765,0.02,2.3,0.063,35,63,0.9975,3.57,0.78,9.9,"5",1,0.555555546737214,12.3807558610181,6.135,9.87525,3
6.9,0.685,0,2.5,0.105,22,37,0.9966,3.46,0.57,10.6,"6",1,0.594594578524471,5.42851972838354,6.215,10.56396,4
10.4,0.575,0.61,2.6,0.076,11,24,1,3.16,0.69,9,"5",1,0.458333314236112,9.07882791015908,9.825,9,4
8.2,0.33,0.39,2.5,0.074,29,48,0.99528,3.32,0.88,12.4,"7",1,0.604166654079861,11.8917311928217,7.87,12.341472,3
13.3,0.34,0.52,3.2,0.094,17,53,1.0014,3.05,0.81,9.5,"6",1,0.320754710929156,8.61692960713184,12.96,9.5133,3
8.7,0.84,0,1.4,0.065,24,33,0.9954,3.27,0.55,9.7,"5",1,0.72727270523416,8.46140828602637,7.86,9.65538,4
7.3,0.835,0.03,2.1,0.092,10,19,0.9966,3.39,0.47,9.6,"5",1,0.526315761772855,5.10864012347692,6.465,9.56736,3
11.7,0.49,0.49,2.2,0.083,5,15,1,3.19,0.43,9.2,"5",1,0.333333311111113,5.18066047397019,11.21,9.2,3
6.8,0.67,0.15,1.8,0.118,13,20,0.9954,3.42,0.67,11.3,"6",1,0.649999967500002,5.6779179837459,6.13,11.24802,3
6.9,0.63,0.02,1.9,0.078,18,30,0.99712,3.4,0.75,9.8,"5",1,0.599999980000001,9.6152613428033,6.27,9.771776,3
7.5,0.71,0,1.6,0.092,22,31,0.99635,3.38,0.58,10,"6",1,0.70967739646202,6.30427930131194,6.79,9.9635,4
9.7,0.69,0.32,2.5,0.088,22,91,0.9979,3.29,0.62,10.1,"5",1,0.241758239101558,7.04537448438086,9.01,10.07879,3
6.5,0.885,0,2.3,0.166,6,12,0.99551,3.56,0.51,10.8,"5",1,0.499999958333337,3.07227064897199,5.615,10.751508,4
8.5,0.44,0.5,1.9,0.369,15,38,0.99634,3.01,1.1,9.4,"5",1,0.394736831717452,2.98102173164842,8.06,9.365596,3
11.1,0.39,0.54,2.7,0.095,21,101,1.0001,3.13,0.51,9.5,"5",1,0.207920790020586,5.36836454353112,10.71,9.50095,3
5.4,0.23,0.36,1.5,0.03,74,121,0.98976,3.24,0.99,12.1,"7",0,0.611570242879585,32.9989000366654,5.17,11.976096,3
8.6,0.22,0.36,1.9,0.064,53,77,0.99604,3.47,0.87,11,"7",1,0.688311679372576,13.593537600975,8.38,10.95644,3
4.9,0.42,0,2.1,0.048,16,42,0.99154,3.71,0.74,14,"7",1,0.380952371882086,15.4163454928022,4.48,13.88156,3
5.6,0.21,0.4,1.3,0.041,81,147,0.9901,3.22,0.95,11.6,"8",0,0.551020404414827,23.1701665813029,5.39,11.48516,3
10.4,0.38,0.46,2.1,0.104,6,10,0.99664,3.12,0.65,11.8,"7",1,0.599999940000006,6.249939904424,10.02,11.760352,4
10.7,0.4,0.48,2.1,0.125,15,49,0.998,3.03,0.81,9.7,"6",1,0.306122442732195,6.47994816041472,10.3,9.6806,4
7.6,0.715,0,2.1,0.068,30,35,0.99533,3.48,0.65,11.4,"6",1,0.857142832653062,9.5586829605447,6.885,11.346762,4
10.6,0.83,0.37,2.6,0.086,26,70,0.9981,3.16,0.52,9.9,"5",1,0.371428566122449,6.04644132044976,9.77,9.88119,4
10.8,0.4,0.41,2.2,0.084,7,17,0.9984,3.08,0.67,9.3,"6",1,0.411764681660901,7.97609552267235,10.4,9.28512,3
11.1,0.31,0.53,2.2,0.06,3,10,0.99572,3.02,0.83,10.9,"7",1,0.299999970000003,13.8331027816203,10.79,10.853348,3
7.5,0.58,0.03,4.1,0.08,27,46,0.99592,3.02,0.47,9.2,"5",1,0.586956508979206,5.87492656341796,6.92,9.162464,3
10.7,0.9,0.34,6.6,0.112,23,99,1.00289,3.22,0.68,9.3,"5",1,0.232323229976533,6.0713743627289,9.8,9.326877,5
12.8,0.3,0.74,2.6,0.095,9,28,0.9994,3.2,0.77,10.8,"7",1,0.32142855994898,8.10517784023326,12.5,10.79352,4
11.1,0.42,0.47,2.65,0.085,9,34,0.99736,3.24,0.77,12.1,"7",1,0.264705874567474,9.0587169562711,10.68,12.068056,3
7.9,0.18,0.4,2.2,0.049,38,67,0.996,3.33,0.93,11.3,"5",1,0.567164170639341,18.9792045060305,7.72,11.2548,3
5.8,1.01,0.66,2,0.039,15,88,0.99357,3.66,0.6,11.5,"6",1,0.170454543517562,15.3842209174124,4.79,11.426055,4
7.8,0.7,0.06,1.9,0.079,20,35,0.99628,3.4,0.69,10.9,"5",1,0.571428555102041,8.73406665738408,7.1,10.859452,3
10.7,0.35,0.53,2.6,0.07,5,16,0.9972,3.15,0.65,11,"8",1,0.312499980468751,9.28558163454808,10.35,10.9692,3
9.9,0.74,0.28,2.6,0.078,21,77,0.998,3.28,0.51,9.8,"5",1,0.27272726918536,6.53837771310624,9.16,9.7804,3
10.1,0.935,0.22,3.4,0.105,11,86,1.001,3.43,0.64,11.3,"4",1,0.127906975256896,6.09518004590432,9.165,11.3113,4
8.6,0.49,0.28,1.9,0.11,20,136,0.9972,2.93,1.95,9.9,"6",1,0.147058822448097,17.727111571713,8.11,9.87228,3
8.1,0.38,0.48,1.8,0.157,5,17,0.9976,3.3,1.05,9.4,"5",1,0.294117629757786,6.6878554913663,7.72,9.37744,3
7.1,0.59,0.01,2.3,0.08,27,43,0.9955,3.42,0.58,10.7,"6",1,0.627906962141699,7.2499093761328,6.51,10.65185,3
10,0.26,0.54,1.9,0.083,42,74,0.99451,2.98,0.63,11.8,"8",1,0.567567559897736,7.59026999674703,9.74,11.735218,4
7.1,0.84,0.02,4.4,0.096,5,13,0.997,3.41,0.57,11,"4",1,0.384615355029588,5.93743815168592,6.26,10.967,3
6.3,1.02,0,2,0.083,17,24,0.99437,3.59,0.55,11.2,"4",1,0.708333303819446,6.62642618763629,5.28,11.136944,4
11.6,0.44,0.64,2.1,0.059,5,15,0.998,3.21,0.67,10.2,"6",1,0.333333311111113,11.3557397332249,11.16,10.1796,4
12.5,0.46,0.63,2,0.071,6,15,0.9988,2.99,0.87,10.2,"5",1,0.399999973333335,12.2533485443867,12.04,10.18776,5
7.1,0.59,0.01,2.3,0.08,27,43,0.9955,3.42,0.58,10.7,"6",1,0.627906962141699,7.2499093761328,6.51,10.65185,3
8.4,0.665,0.61,2,0.112,13,95,0.997,3.16,0.54,9.1,"5",1,0.136842103822715,4.82138552334354,7.735,9.0727,3
9.9,0.4,0.53,6.7,0.097,6,19,0.9986,3.27,0.82,11.7,"7",1,0.315789457063713,8.45352109772064,9.5,11.68362,3
11.6,0.53,0.66,3.65,0.121,6,14,0.9978,3.05,0.74,11.5,"7",1,0.428571397959186,6.11565193676085,11.07,11.4747,5
12.6,0.31,0.72,2.2,0.072,6,29,0.9987,2.88,0.82,9.8,"8",1,0.206896544589774,11.3887307120734,12.29,9.78726,4
10.3,0.53,0.48,2.5,0.063,6,25,0.9998,3.12,0.59,9.3,"6",1,0.2399999904,9.36493071538547,9.77,9.29814,3
11.9,0.38,0.49,2.7,0.098,12,42,1.0004,3.16,0.61,10.3,"5",1,0.285714278911565,6.22442628136448,11.52,10.30412,3
11.9,0.43,0.66,3.1,0.109,10,23,1,3.15,0.85,10.4,"7",1,0.434782589792061,7.7980935954716,11.47,10.4,5
9.9,0.35,0.41,2.3,0.083,11,61,0.9982,3.21,0.5,9.5,"5",1,0.180327865896265,6.02402380694208,9.55,9.4829,3
5,0.74,0,1.2,0.041,16,46,0.99258,4.01,0.59,12.5,"6",1,0.347826079395085,14.3898929294407,4.26,12.40725,5
9.7,0.53,0.6,2,0.039,5,19,0.99585,3.3,0.86,12.4,"6",1,0.263157880886427,22.0507166482911,9.17,12.34854,5
9.8,0.5,0.49,2.6,0.25,5,20,0.999,3.31,0.79,10.7,"6",1,0.249999987500001,3.15998736005056,9.3,10.6893,4
10.2,0.33,0.46,1.9,0.081,6,9,0.99628,3.1,0.48,10.4,"6",1,0.666666592592601,5.92585276724979,9.87,10.361312,4
11.1,0.45,0.73,3.2,0.066,6,22,0.9986,3.17,0.66,11.2,"6",1,0.272727260330579,9.99984848714413,10.65,11.18432,4
9.9,0.5,0.5,13.8,0.205,48,82,1.00242,3.16,0.75,8.8,"5",1,0.585365846519929,3.65851873893298,9.4,8.821296,5
10.4,0.24,0.49,1.8,0.075,6,20,0.9977,3.18,1.06,11,"6",1,0.299999985000001,14.1331448914014,10.16,10.9747,4
11.5,0.54,0.71,4.4,0.124,6,15,0.9984,3.01,0.83,11.8,"7",1,0.399999973333335,6.69349440730317,10.96,11.78112,5
11.9,0.695,0.53,3.4,0.128,7,21,0.9992,3.17,0.84,12.2,"7",1,0.333333317460318,6.56244873086929,11.205,12.19024,5
8.7,0.7,0.24,2.5,0.226,5,15,0.9991,3.32,0.6,9,"6",1,0.333333311111113,2.6548555094889,8,8.9919,3
7.7,0.58,0.01,1.8,0.088,12,18,0.99568,3.32,0.56,10.5,"7",1,0.666666629629632,6.36356405040852,7.12,10.45464,3
10.5,0.24,0.42,1.8,0.077,6,22,0.9976,3.21,1.05,10.8,"7",1,0.272727260330579,13.6361865430319,10.26,10.77408,4
5.2,0.34,0,1.8,0.05,27,63,0.9916,3.68,0.79,14,"6",1,0.428571421768708,15.7996840063199,4.86,13.8824,3
8.8,0.7,0,1.7,0.069,8,19,0.99701,3.31,0.53,10,"6",1,0.421052609418284,7.68104810075216,8.1,9.9701,3
12.5,0.38,0.6,2.6,0.081,31,72,0.9996,3.1,0.73,10.5,"5",1,0.430555549575617,9.01223441685905,12.12,10.4958,3
11.5,0.18,0.51,4,0.104,4,23,0.9996,3.28,0.97,10.1,"6",1,0.173913035916825,9.32683339583273,11.32,10.09596,4
10.2,0.24,0.49,2.4,0.075,10,28,0.9978,3.14,0.61,10.4,"5",1,0.357142844387756,8.1332248903348,9.96,10.37712,3
10.5,0.24,0.47,2.1,0.066,6,24,0.9978,3.15,0.9,11,"7",1,0.249999989583334,13.6361570279238,10.26,10.9758,4
10.1,0.28,0.46,1.8,0.05,5,13,0.9974,3.04,0.79,10.2,"6",1,0.384615355029588,15.7996840063199,9.82,10.17348,3
10.9,0.39,0.47,1.8,0.118,6,14,0.9982,3.3,0.75,9.8,"6",1,0.428571397959186,6.35587834001407,10.51,9.78236,4
6.2,0.785,0,2.1,0.06,6,13,0.99664,3.59,0.61,10,"4",1,0.461538426035506,10.1664972250462,5.415,9.9664,3
9.9,0.5,0.5,13.8,0.205,48,82,1.00242,3.16,0.75,8.8,"5",1,0.585365846519929,3.65851873893298,9.4,8.821296,5
6.4,0.69,0,1.65,0.055,7,12,0.99162,3.47,0.53,12.9,"6",1,0.583333284722226,9.63618843293758,5.71,12.791898,4
10.3,0.27,0.24,2.1,0.072,15,33,0.9956,3.22,0.66,12.8,"6",1,0.45454544077135,9.16653935362009,10.03,12.74368,3
7,0.54,0,2.1,0.079,39,55,0.9956,3.39,0.84,11.4,"6",1,0.709090896198347,10.6327768002937,6.46,11.34984,3
7.3,0.66,0,2,0.084,6,23,0.9983,3.61,0.96,9.9,"6",1,0.260869553875237,11.4284353757693,6.64,9.88317,3
15,0.21,0.44,2.2,0.075,10,24,1.00005,3.07,0.84,9.2,"7",1,0.416666649305556,11.1998506686578,14.79,9.20046,3
8.2,1.33,0,1.7,0.081,3,12,0.9964,3.53,0.49,10.9,"5",1,0.249999979166668,6.04930803323416,6.87,10.86076,3
10.5,0.39,0.46,2.2,0.075,14,27,0.99598,3.06,0.84,11.4,"6",1,0.51851849931413,11.1998506686578,10.11,11.354172,3
11.8,0.26,0.52,1.8,0.071,6,10,0.9968,3.2,0.72,10.2,"7",1,0.599999940000006,10.1407022436304,11.54,10.16736,4
8.6,0.49,0.51,2,0.422,16,62,0.9979,3.03,1.17,9,"5",1,0.258064511966701,2.77250527842351,8.11,8.9811,3
10.2,0.42,0.57,3.4,0.07,4,10,0.9971,3.04,0.63,9.6,"5",1,0.399999960000004,8.99987143040814,9.78,9.57216,3
10.2,0.34,0.48,2.1,0.052,5,9,0.99458,3.2,0.69,12.1,"7",1,0.555555493827167,13.2689755966231,9.86,12.034418,3
6.6,0.725,0.09,5.5,0.117,9,17,0.99655,3.35,0.49,10.8,"6",1,0.529411733564016,4.18799839317613,5.875,10.76274,3
10.1,0.65,0.37,5.1,0.11,11,65,1.0026,3.32,0.64,10.4,"6",1,0.169230766627219,5.81812892610067,9.45,10.42704,4
10.6,0.42,0.48,2.7,0.065,5,18,0.9972,3.21,0.87,11.3,"6",1,0.27777776234568,13.3844094706235,10.18,11.26836,4
10.3,0.43,0.44,2.4,0.214,5,12,0.9994,3.19,0.63,9.5,"6",1,0.416666631944447,2.94391147704917,9.87,9.4943,4
12.4,0.42,0.49,4.6,0.073,19,43,0.9978,3.02,0.61,9.5,"5",1,0.441860454840455,8.35604991712442,11.98,9.4791,3
13,0.47,0.49,4.3,0.085,6,47,1.0021,3.3,0.68,12.7,"6",1,0.127659571751924,7.9999058834602,12.53,12.72667,3
10.9,0.53,0.49,4.6,0.118,10,17,1.0002,3.07,0.56,11.7,"6",1,0.588235259515573,4.74572249387717,10.37,11.70234,5
7.3,0.55,0.01,1.8,0.093,9,15,0.99514,3.35,0.58,11,"7",1,0.599999960000003,6.23649208073031,6.75,10.94654,3
8.9,0.62,0.19,3.9,0.17,51,148,0.9986,3.17,0.93,9.2,"5",1,0.344594592266253,5.47055605555261,8.28,9.18712,3
10.6,0.36,0.59,2.2,0.152,6,18,0.9986,3.04,1.05,9.4,"5",1,0.333333314814816,6.9078492904652,10.24,9.38684,5
6,0.51,0,2.1,0.064,40,54,0.995,3.54,0.93,10.7,"6",1,0.74074072702332,14.5310229527664,5.49,10.6465,4
9.8,0.88,0.25,2.5,0.104,35,155,1.001,3.41,0.67,11.2,"5",1,0.225806450156087,6.44224574763704,8.92,11.2112,3
6.8,0.64,0,2.7,0.123,15,33,0.99538,3.44,0.63,11.3,"6",1,0.45454544077135,5.12190957797091,6.16,11.247794,3
11.9,0.58,0.66,2.5,0.072,6,37,0.9992,3.05,0.56,10,"5",1,0.162162157779401,7.77766975458674,11.32,9.992,4
9.8,0.34,0.39,1.4,0.066,3,7,0.9947,3.19,0.55,11.4,"7",1,0.428571367346948,8.33320707262011,9.46,11.33958,3
12,0.28,0.49,1.9,0.074,10,21,0.9976,2.98,0.66,9.9,"7",1,0.47619045351474,8.91879839461629,11.72,9.87624,3
7,0.69,0.07,2.5,0.091,15,21,0.99572,3.38,0.6,11.3,"6",1,0.71428568027211,6.59333413918528,6.31,11.251636,3
9.9,0.54,0.45,2.3,0.071,16,40,0.9991,3.39,0.62,9.4,"5",1,0.39999999,8.73227137645949,9.36,9.39154,3
8.1,0.87,0,2.2,0.084,10,31,0.99656,3.25,0.5,9.8,"5",1,0.322580634755463,5.95231009154653,7.23,9.766288,3
6.6,0.735,0.02,7.9,0.122,68,124,0.9994,3.47,0.53,9.9,"5",1,0.548387092351717,4.3442266866665,5.865,9.89406,4
7.1,0.6,0.01,2.3,0.079,24,37,0.99514,3.4,0.61,10.9,"6",1,0.648648631117605,7.7214212478323,6.5,10.847026,3
8.1,0.29,0.36,2.2,0.048,35,53,0.995,3.27,1.01,12.4,"7",1,0.660377346030616,21.0412283077436,7.81,12.338,4
6,0.51,0,2.1,0.064,40,54,0.995,3.54,0.93,10.7,"6",1,0.74074072702332,14.5310229527664,5.49,10.6465,4
10.4,0.44,0.73,6.55,0.074,38,76,0.999,3.17,0.85,12,"7",1,0.499999993421053,11.4863312657937,9.96,11.988,4
10.1,0.27,0.54,2.3,0.065,7,26,0.99531,3.17,0.53,12.5,"6",1,0.26923075887574,8.15372071198905,9.83,12.441375,3
6.6,0.63,0,4.3,0.093,51,77.5,0.99558,3.2,0.45,9.5,"5",1,0.658064507637877,4.83865764884249,5.97,9.45801,3
6.8,0.77,0,1.8,0.066,34,52,0.9976,3.62,0.68,9.9,"5",1,0.65384614127219,10.3028741988758,6.03,9.87624,4
10.5,0.51,0.64,2.4,0.107,6,15,0.9973,3.09,0.66,11.8,"7",1,0.399999973333335,6.16816665264811,9.99,11.76814,5
7.1,0.69,0.04,2.1,0.068,19,27,0.99712,3.44,0.67,9.8,"5",1,0.703703677640604,9.85279628240761,6.41,9.771776,3
11.6,0.41,0.58,2.8,0.096,25,101,1.00024,3.13,0.53,10,"5",1,0.247524750024507,5.52077582525182,11.19,10.0024,3
12.2,0.48,0.54,2.6,0.085,19,64,1,3.1,0.61,10.5,"6",1,0.296874995361328,7.17638616016282,11.72,10.5,3
13.2,0.46,0.52,2.2,0.071,12,35,1.0006,3.1,0.56,9,"6",1,0.342857133061225,7.88721285615696,12.74,9.0054,3
5.1,0.47,0.02,1.3,0.034,18,44,0.9921,3.9,0.62,12.8,"6",1,0.409090899793389,18.2347578012411,4.63,12.69888,3
6.8,0.69,0,5.6,0.124,21,58,0.9997,3.46,0.72,10.2,"5",1,0.362068959274673,5.80640478705817,6.11,10.19694,4
11.4,0.6,0.49,2.7,0.085,10,41,0.9994,3.15,0.63,10.5,"6",1,0.24390243307555,7.41167750967636,10.8,10.4937,3
6.6,0.96,0,1.8,0.082,5,16,0.9936,3.5,0.44,11.9,"6",1,0.312499980468751,5.36578822209485,5.64,11.82384,3
4.6,0.445,0,1.4,0.053,11,178,0.99426,3.79,0.55,10.2,"5",0,0.0617977524618104,10.3771626950435,4.155,10.141452,3
7.9,0.885,0.03,1.8,0.058,4,8,0.9972,3.36,0.33,9.1,"4",1,0.499999937500008,5.68955707660213,7.015,9.07452,3
7.8,0.5,0.12,1.8,0.178,6,21,0.996,3.28,0.87,9.8,"6",1,0.285714272108844,4.88761299093825,7.3,9.7608,3
9.9,0.49,0.58,3.5,0.094,9,43,1.0004,3.29,0.58,9,"5",1,0.2093023207139,6.1701471260944,9.41,9.0036,3
14,0.41,0.63,3.8,0.089,6,47,1.0014,3.01,0.81,10.8,"6",1,0.127659571751924,9.10102133683891,13.59,10.81512,4
7.5,0.705,0.24,1.8,0.36,15,63,0.9964,3,1.59,9.5,"5",1,0.238095234315949,4.41665439818223,6.795,9.4658,4
7.1,0.75,0.01,2.2,0.059,11,18,0.99242,3.39,0.4,12.8,"6",1,0.611111077160496,6.77954610938798,6.35,12.702976,4
11.9,0.57,0.5,2.6,0.082,6,32,1.0006,3.12,0.78,10.7,"6",1,0.187499994140625,9.51207912098633,11.33,10.70642,3
10,0.38,0.38,1.6,0.169,27,90,0.99914,3.15,0.65,8.5,"5",1,0.299999996666667,3.84613108798173,9.62,8.49269,4
6.6,0.61,0.01,1.9,0.08,8,25,0.99746,3.69,0.73,10.5,"5",1,0.3199999872,9.12488593892576,5.99,10.47333,3
15.9,0.36,0.65,7.5,0.096,22,71,0.9976,2.98,0.84,14.9,"5",1,0.309859150565364,8.74990885511609,15.54,14.86424,6
11.3,0.36,0.66,2.4,0.123,3,8,0.99642,3.2,0.53,11.9,"6",1,0.374999953125006,4.30890805765807,10.94,11.857398,5
9.9,0.53,0.57,2.4,0.093,30,52,0.9971,3.19,0.76,11.6,"7",1,0.576923065828403,8.17195514026731,9.37,11.56636,4
7,0.57,0,2,0.19,12,45,0.99676,3.31,0.6,9.4,"6",1,0.266666660740741,3.15787811643097,6.43,9.369544,3
6.9,0.44,0,1.4,0.07,32,38,0.99438,3.32,0.58,11.4,"6",1,0.842105240997231,8.28559592005828,6.46,11.335932,3
7.4,1.185,0,4.25,0.097,5,14,0.9966,3.63,0.54,10.7,"3",1,0.357142831632655,5.56695291801115,6.215,10.66362,3
6.6,0.57,0.02,2.1,0.115,6,16,0.99654,3.38,0.69,9.5,"5",1,0.374999976562501,5.99994782654064,6.03,9.46713,3
12.7,0.59,0.45,2.3,0.082,11,22,1,3,0.7,9.3,"6",1,0.499999977272728,8.53648126242363,12.11,9.3,3
7.1,0.6,0.01,2.3,0.079,24,37,0.99514,3.4,0.61,10.9,"6",1,0.648648631117605,7.7214212478323,6.5,10.847026,3
9.8,0.25,0.49,2.7,0.088,15,33,0.9982,3.42,0.9,10,"6",1,0.45454544077135,10.2271565095851,9.55,9.982,4
6.1,0.56,0,2.2,0.079,6,9,0.9948,3.59,0.54,11.5,"6",1,0.666666592592601,6.8353565144745,5.54,11.4402,3
9.9,0.27,0.49,5,0.082,9,17,0.99484,3.19,0.52,12.5,"7",1,0.529411733564016,6.34138608065755,9.63,12.4355,3
11.8,0.38,0.55,2.1,0.071,5,19,0.9986,3.11,0.62,10.8,"6",1,0.263157880886427,8.73227137645949,11.42,10.78488,3
10.6,0.36,0.6,2.2,0.152,7,18,0.9986,3.04,1.06,9.4,"5",1,0.388888867283952,6.97363833132677,10.24,9.38684,5
6.6,0.84,0.03,2.3,0.059,32,48,0.9952,3.52,0.56,12.3,"7",1,0.666666652777778,9.49136455314317,5.76,12.24096,4
9.4,0.24,0.33,2.3,0.061,52,73,0.99786,3.47,0.9,10.2,"6",1,0.71232875736536,14.7538564941558,9.16,10.178172,3
10,0.35,0.45,2.5,0.092,20,88,0.99918,3.15,0.43,9.4,"5",1,0.227272724690083,4.67386224062782,9.65,9.392292,3
10.9,0.37,0.58,4,0.071,17,65,0.99935,3.22,0.78,10.1,"5",1,0.261538457514793,10.9857607639329,10.53,10.093435,3
9.7,0.42,0.46,2.1,0.074,5,16,0.99649,3.27,0.74,12.3,"6",1,0.312499980468751,9.99986486669099,9.28,12.256827,3
7.1,0.67,0,2.3,0.083,18,27,0.99768,3.44,0.54,9.4,"5",1,0.66666664197531,6.50594571149745,6.43,9.378192,3
12.7,0.6,0.49,2.8,0.075,5,19,0.9994,3.14,0.57,11.4,"5",1,0.263157880886427,7.59989866801776,12.1,11.39316,3
7.6,0.685,0.23,2.3,0.111,20,84,0.9964,3.21,0.61,9.3,"5",1,0.238095235260771,5.49544598697309,6.915,9.26652,3
10.4,0.28,0.54,2.7,0.105,5,19,0.9988,3.25,0.63,9.5,"5",1,0.263157880886427,5.99994285768707,10.12,9.4886,3
11.1,0.35,0.48,3.1,0.09,5,21,0.9986,3.17,0.53,10.5,"5",1,0.23809522675737,5.88882345751714,10.75,10.4853,3
7.1,0.31,0.3,2.2,0.053,36,127,0.9965,2.94,1.62,9.5,"5",1,0.283464564697129,30.5654610290372,6.79,9.46675,3
7.2,0.835,0,2,0.166,4,11,0.99608,3.39,0.52,10,"5",1,0.363636330578515,3.13251124993223,6.365,9.9608,4
12.6,0.39,0.49,2.5,0.08,8,20,0.9992,3.07,0.82,10.3,"6",1,0.399999980000001,10.2498718766015,12.21,10.29176,3
9.9,0.44,0.46,2.2,0.091,10,41,0.99638,3.18,0.69,11.9,"6",1,0.24390243307555,7.58233426006308,9.46,11.856922,3
7.7,0.75,0.27,3.8,0.11,34,89,0.99664,3.24,0.45,9.3,"5",1,0.382022467617725,4.09087190116453,6.95,9.268752,3
7.3,0.65,0,1.2,0.065,15,21,0.9946,3.39,0.47,10,"7",1,0.71428568027211,7.23065798987708,6.65,9.946,3
7.8,0.815,0.01,2.6,0.074,48,90,0.99621,3.38,0.62,10.8,"5",1,0.533333327407407,8.37826515857894,6.985,10.759068,3
7.1,0.59,0,2.1,0.091,9,14,0.99488,3.42,0.55,11.5,"7",1,0.642857096938779,6.04388962758651,6.51,11.44112,3
8.9,0.59,0.5,2,0.337,27,81,0.9964,3.04,1.61,9.5,"6",1,0.333333329218107,4.77743389485491,8.31,9.4658,3
5.6,0.62,0.03,1.5,0.08,6,13,0.99498,3.66,0.62,10.1,"4",1,0.461538426035506,7.74990312621092,4.98,10.049298,3
9.8,0.39,0.43,1.65,0.068,5,11,0.99478,3.19,0.46,11.4,"5",1,0.454545413223144,6.76460640284702,9.41,11.340492,3
12.5,0.46,0.49,4.5,0.07,26,49,0.9981,3.05,0.57,9.6,"4",1,0.530612234069138,8.14274081798831,12.04,9.58176,3
5.6,0.66,0,2.2,0.087,3,11,0.99378,3.71,0.63,12.8,"7",1,0.272727247933887,7.24129607705659,4.94,12.720384,3
10.3,0.59,0.42,2.8,0.09,35,73,0.999,3.28,0.7,9.5,"6",1,0.479452048226684,7.7776913589849,9.71,9.4905,3
6.8,0.775,0,3,0.102,8,23,0.9965,3.45,0.56,10.7,"5",1,0.347826071833649,5.49014225350732,6.025,10.66255,3
12.4,0.49,0.58,3,0.103,28,99,1.0008,3.16,1,11.5,"6",1,0.282828279971432,9.70864360540189,11.91,11.5092,4
7.2,1,0,3,0.102,7,16,0.99586,3.43,0.46,10,"5",1,0.437499972656252,4.50975970823816,6.2,9.9586,3
10.6,0.34,0.49,3.2,0.078,20,78,0.9992,3.19,0.7,10,"6",1,0.256410253122945,8.97424391994974,10.26,9.992,3
7.9,0.43,0.21,1.6,0.106,10,37,0.9966,3.17,0.91,9.5,"5",1,0.270270262965669,8.58482467146536,7.47,9.4677,3
12.6,0.41,0.54,2.8,0.103,19,41,0.99939,3.21,0.76,11.3,"6",1,0.463414622843546,7.37856914010544,12.19,11.293107,3
7.3,0.67,0.26,1.8,0.401,16,51,0.9969,3.16,1.14,9.4,"5",1,0.313725484044598,2.84288567858933,6.63,9.37086,3
8.6,0.725,0.24,6.6,0.117,31,134,1.0014,3.32,1.07,9.3,"5",1,0.231343281855647,9.14522098101726,7.875,9.31302,4
9.3,0.39,0.44,2.1,0.107,34,125,0.9978,3.14,1.22,9.5,"5",1,0.271999997824,11.4017626003495,8.91,9.4791,3
11.2,0.67,0.55,2.3,0.084,6,13,1,3.17,0.71,9.5,"6",1,0.461538426035506,8.45228032999607,10.53,9.5,3
11.6,0.23,0.57,1.8,0.074,3,8,0.9981,3.14,0.7,9.9,"6",1,0.374999953125006,9.45933163065364,11.37,9.88119,3
6.5,0.61,0,2.2,0.095,48,59,0.99541,3.61,0.7,11.5,"6",1,0.813559308244758,7.36834349112115,5.89,11.447215,3
5,0.38,0.01,1.6,0.048,26,60,0.99084,3.7,0.75,14,"6",1,0.433333326111111,15.6246744859482,4.62,13.87176,3
9.9,0.32,0.56,2,0.073,3,8,0.99534,3.15,0.73,11.4,"6",1,0.374999953125006,9.99986301557513,9.58,11.346876,3
10.2,0.67,0.39,1.9,0.054,6,17,0.9976,3.17,0.47,10,"5",1,0.352941155709344,8.70354252699024,9.53,9.976,3
9.8,0.45,0.38,2.5,0.081,34,66,0.99726,3.15,0.58,9.8,"5",1,0.515151507346189,7.16040542709349,9.35,9.773148,3
11.3,0.34,0.45,2,0.082,6,15,0.9988,2.94,0.66,9.2,"6",1,0.399999973333335,8.04868233314228,10.96,9.18896,3
10.4,0.24,0.46,1.8,0.075,6,21,0.9976,3.25,1.02,10.8,"7",1,0.285714272108844,13.5998186690844,10.16,10.77408,4
8.1,1.33,0,1.8,0.082,3,12,0.9964,3.54,0.48,10.9,"5",1,0.249999979166668,5.8535871513762,6.77,10.86076,3
10.8,0.29,0.42,1.6,0.084,19,27,0.99545,3.28,0.73,11.9,"6",1,0.703703677640604,8.69037273365793,10.51,11.845855,4
6.6,0.7,0.08,2.6,0.106,14,27,0.99665,3.44,0.58,10.2,"5",1,0.51851849931413,5.471646493901,5.9,10.16583,3
8.3,0.845,0.01,2.2,0.07,5,14,0.9967,3.32,0.58,11,"4",1,0.357142831632655,8.28559592005828,7.455,10.9637,3
11.5,0.45,0.5,3,0.078,19,47,1.0003,3.26,1.11,11,"6",1,0.404255310547759,14.2305867873489,11.05,11.0033,4
5.3,0.715,0.19,1.5,0.161,7,62,0.99395,3.62,0.61,11,"5",1,0.112903223985432,3.78879634287986,4.585,10.93345,3
10.5,0.28,0.51,1.7,0.08,10,24,0.9982,3.2,0.89,9.4,"6",1,0.416666649305556,11.1248609392383,10.22,9.38308,4
11.9,0.58,0.58,1.9,0.071,5,18,0.998,3.09,0.63,10,"6",1,0.27777776234568,8.87311446317658,11.32,9.98,3
8.1,0.82,0,4.1,0.095,5,14,0.99854,3.36,0.53,9.6,"5",1,0.357142831632655,5.57888864327744,7.28,9.585984,3
10,0.35,0.47,2,0.061,6,11,0.99585,3.23,0.52,12,"6",1,0.545454495867773,8.52445041884559,9.65,11.9502,3
12.8,0.615,0.66,5.8,0.083,7,42,1.0022,3.07,0.73,10,"7",1,0.166666662698413,8.79507475813544,12.185,10.022,4
14.3,0.31,0.74,1.8,0.075,6,15,1.0008,2.86,0.79,8.4,"6",1,0.399999973333335,10.5331928907615,13.99,8.40672,4
12,0.37,0.76,4.2,0.066,7,38,1.0004,3.22,0.6,13,"7",1,0.184210521468144,9.09077135194921,11.63,13.0052,4
6,0.5,0,1.4,0.057,15,26,0.99448,3.36,0.45,9.5,"5",1,0.576923054733729,7.89459834037999,5.5,9.44756,3
10.4,0.55,0.23,2.7,0.091,18,48,0.9994,3.22,0.64,10.3,"6",1,0.3749999921875,7.0328897484643,9.85,10.29382,3
15.6,0.685,0.76,3.7,0.1,6,43,1.0032,2.95,0.68,11.2,"7",1,0.139534880475933,6.79993200067999,14.915,11.23584,5
5.9,0.46,0,1.9,0.077,25,44,0.99385,3.5,0.53,11.2,"5",1,0.568181805268595,6.88302749314944,5.44,11.13112,3
10.6,0.44,0.68,4.1,0.114,6,24,0.997,3.06,0.66,13.4,"6",1,0.249999989583334,5.78942289979912,10.16,13.3598,5
11.5,0.315,0.54,2.1,0.084,5,15,0.9987,2.98,0.7,9.2,"6",1,0.333333311111113,8.33323412816514,11.185,9.18804,3
11.9,0.38,0.49,2.7,0.098,12,42,1.0004,3.16,0.61,10.3,"5",1,0.285714278911565,6.22442628136448,11.52,10.30412,3
11.7,0.45,0.63,2.2,0.073,7,23,0.99974,3.21,0.69,10.9,"6",1,0.304347812854443,9.45192531609156,11.25,10.897166,4
10.7,0.4,0.37,1.9,0.081,17,29,0.99674,3.12,0.65,11.2,"6",1,0.586206876337694,8.02459228898409,10.3,11.163488,4
9.1,0.76,0.68,1.7,0.414,18,64,0.99652,2.9,1.33,9.1,"6",1,0.281249995605469,3.21255262668448,8.34,9.068332,5
6.2,0.39,0.43,2,0.071,14,24,0.99428,3.45,0.87,11.2,"7",1,0.583333309027779,12.2533485443867,5.81,11.135936,3
9.7,0.24,0.45,1.2,0.033,11,59,0.9926,2.74,0.47,10.8,"6",0,0.18644067480609,14.2419926668889,9.46,10.72008,3
13.7,0.415,0.68,2.9,0.085,17,43,1.0014,3.06,0.8,10,"6",1,0.395348828015144,9.41165398054141,13.285,10.014,4
5.1,0.42,0,1.8,0.044,18,88,0.99157,3.68,0.73,13.6,"7",1,0.204545452221074,16.5905320333629,4.68,13.485352,3
5.8,0.61,0.01,8.4,0.041,31,104,0.9909,3.26,0.72,14.05,"7",0,0.298076920210799,17.5605473037243,5.19,13.922145,3
10.7,0.43,0.39,2.2,0.106,8,32,0.9986,2.89,0.5,9.6,"5",1,0.2499999921875,4.71693663267328,10.27,9.58656,4
10.7,0.46,0.39,2,0.061,7,15,0.9981,3.18,0.62,9.5,"5",1,0.466666635555558,10.1637678070851,10.24,9.48195,3
10.6,0.48,0.64,2.2,0.111,6,20,0.997,3.26,0.66,11.7,"6",1,0.299999985000001,5.94589237934793,10.12,11.6649,5
10.7,0.52,0.38,2.6,0.066,29,56,0.99577,3.15,0.79,12.1,"7",1,0.517857133609694,11.9695156133998,10.18,12.048817,3
13.3,0.29,0.75,2.8,0.084,23,43,0.9986,3.04,0.68,11.4,"7",1,0.534883708491077,8.09514172450328,13.01,11.38404,4
13.8,0.49,0.67,3,0.093,6,15,0.9986,3.02,0.93,12,"6",1,0.399999973333335,9.99989247427447,13.31,11.9832,5
13.3,0.43,0.58,1.9,0.07,15,40,1.0004,3.06,0.49,9,"5",1,0.374999990625,6.99990000142855,12.87,9.0036,3
11.4,0.46,0.5,2.7,0.122,4,17,1.0006,3.13,0.7,10.2,"5",1,0.235294103806229,5.7376578880501,10.94,10.20612,4
7.7,0.27,0.68,3.5,0.358,5,10,0.9972,3.25,1.08,9.9,"7",1,0.499999950000005,3.01675134985657,7.43,9.87228,4
8.1,0.785,0.52,2,0.122,37,153,0.9969,3.21,0.69,9.3,"5",1,0.241830063778888,5.65569134679224,7.315,9.27117,3
7.1,0.69,0.08,2.1,0.063,42,52,0.99608,3.42,0.6,10.2,"6",1,0.807692292159764,9.52365835462929,6.41,10.160016,3
10.9,0.53,0.49,4.6,0.118,10,17,1.0002,3.07,0.56,11.7,"6",1,0.588235259515573,4.74572249387717,10.37,11.70234,5
12.4,0.4,0.51,2,0.059,6,24,0.9994,3.04,0.6,9.3,"6",1,0.249999989583334,10.169319164082,12,9.29442,3
